{"lr": 0.001, "data_time": 0.06547489166259765, "loss": 3.2852962255477904, "time": 0.2423637866973877, "epoch": 1, "iter": 20, "memory": 2965, "step": 20}
{"lr": 0.001, "data_time": 0.06837408542633057, "loss": 2.9193264722824095, "time": 0.2455960750579834, "epoch": 1, "iter": 40, "memory": 2965, "step": 40}
{"lr": 0.001, "data_time": 0.06260473728179931, "loss": 2.4417051792144777, "time": 0.24011673927307128, "epoch": 1, "iter": 60, "memory": 2965, "step": 60}
{"lr": 0.001, "data_time": 0.0664473295211792, "loss": 1.8799723267555237, "time": 0.2436811923980713, "epoch": 1, "iter": 80, "memory": 2965, "step": 80}
{"lr": 0.001, "data_time": 0.06860129833221436, "loss": 1.5538617730140687, "time": 0.24593582153320312, "epoch": 1, "iter": 100, "memory": 2965, "step": 100}
{"accuracy/top1": 79.27928161621094, "accuracy/top5": 96.39639282226562, "data_time": 0.1863938570022583, "time": 0.24392053059169225, "step": 1}
{"lr": 0.001, "data_time": 0.06920983791351318, "loss": 1.1908024728298188, "time": 0.24670014381408692, "epoch": 2, "iter": 129, "memory": 2965, "step": 129}
{"lr": 0.001, "data_time": 0.06265344619750976, "loss": 1.115731692314148, "time": 0.2404478073120117, "epoch": 2, "iter": 149, "memory": 2965, "step": 149}
{"lr": 0.001, "data_time": 0.06291968822479248, "loss": 0.929803216457367, "time": 0.24064283370971679, "epoch": 2, "iter": 169, "memory": 2965, "step": 169}
{"lr": 0.001, "data_time": 0.07678427696228027, "loss": 0.8713520586490631, "time": 0.25591602325439455, "epoch": 2, "iter": 189, "memory": 2965, "step": 189}
{"lr": 0.001, "data_time": 0.06090047359466553, "loss": 0.7082800567150116, "time": 0.23868212699890137, "epoch": 2, "iter": 209, "memory": 2965, "step": 209}
{"accuracy/top1": 83.67117309570312, "accuracy/top5": 98.87387084960938, "data_time": 0.1757757910366716, "time": 0.23270292939810916, "step": 2}
{"lr": 0.001, "data_time": 0.05199191570281982, "loss": 0.6731590449810028, "time": 0.23027825355529785, "epoch": 3, "iter": 238, "memory": 2965, "step": 238}
{"lr": 0.001, "data_time": 0.06056675910949707, "loss": 0.614630001783371, "time": 0.23859577178955077, "epoch": 3, "iter": 258, "memory": 2965, "step": 258}
{"lr": 0.001, "data_time": 0.07413904666900635, "loss": 0.5842170149087906, "time": 0.25269546508789065, "epoch": 3, "iter": 278, "memory": 2965, "step": 278}
{"lr": 0.001, "data_time": 0.060621452331542966, "loss": 0.6066537201404572, "time": 0.2391665458679199, "epoch": 3, "iter": 298, "memory": 2965, "step": 298}
{"lr": 0.001, "data_time": 0.0639991283416748, "loss": 0.6302243143320083, "time": 0.24219212532043458, "epoch": 3, "iter": 318, "memory": 2965, "step": 318}
{"accuracy/top1": 88.28829193115234, "accuracy/top5": 99.32432556152344, "data_time": 0.17076836783310462, "time": 0.2268332366285653, "step": 3}
{"lr": 0.001, "data_time": 0.06010262966156006, "loss": 0.5526700973510742, "time": 0.23878889083862304, "epoch": 4, "iter": 347, "memory": 2965, "step": 347}
{"lr": 0.001, "data_time": 0.05401225090026855, "loss": 0.4190161317586899, "time": 0.23206920623779298, "epoch": 4, "iter": 367, "memory": 2965, "step": 367}
{"lr": 0.001, "data_time": 0.05708930492401123, "loss": 0.5072971820831299, "time": 0.23548622131347657, "epoch": 4, "iter": 387, "memory": 2965, "step": 387}
{"lr": 0.001, "data_time": 0.05926294326782226, "loss": 0.47584123313426974, "time": 0.23969545364379882, "epoch": 4, "iter": 407, "memory": 2965, "step": 407}
{"lr": 0.001, "data_time": 0.05746979713439941, "loss": 0.5376452475786209, "time": 0.23566317558288574, "epoch": 4, "iter": 427, "memory": 2965, "step": 427}
{"accuracy/top1": 88.85134887695312, "accuracy/top5": 99.32432556152344, "data_time": 0.16551224116621346, "time": 0.2210860663446887, "step": 4}
{"lr": 0.001, "data_time": 0.06938140392303467, "loss": 0.3967085391283035, "time": 0.247438645362854, "epoch": 5, "iter": 456, "memory": 2965, "step": 456}
{"lr": 0.001, "data_time": 0.05966570377349854, "loss": 0.37711251676082613, "time": 0.23860640525817872, "epoch": 5, "iter": 476, "memory": 2965, "step": 476}
{"lr": 0.001, "data_time": 0.06444568634033203, "loss": 0.3828456878662109, "time": 0.2426133632659912, "epoch": 5, "iter": 496, "memory": 2965, "step": 496}
{"lr": 0.001, "data_time": 0.06189289093017578, "loss": 0.3079359129071236, "time": 0.23997342586517334, "epoch": 5, "iter": 516, "memory": 2965, "step": 516}
{"lr": 0.001, "data_time": 0.06789264678955079, "loss": 0.41810733526945115, "time": 0.2462926387786865, "epoch": 5, "iter": 536, "memory": 2965, "step": 536}
{"accuracy/top1": 91.21621704101562, "accuracy/top5": 99.0990982055664, "data_time": 0.1717698985132678, "time": 0.22716089774822368, "step": 5}
{"lr": 0.001, "data_time": 0.07395455837249756, "loss": 0.3457880973815918, "time": 0.25261061191558837, "epoch": 6, "iter": 565, "memory": 2965, "step": 565}
{"lr": 0.001, "data_time": 0.06368277072906495, "loss": 0.39348645210266114, "time": 0.241624116897583, "epoch": 6, "iter": 585, "memory": 2965, "step": 585}
{"lr": 0.001, "data_time": 0.056336402893066406, "loss": 0.3083996847271919, "time": 0.23505032062530518, "epoch": 6, "iter": 605, "memory": 2965, "step": 605}
{"lr": 0.001, "data_time": 0.057741546630859376, "loss": 0.2833153337240219, "time": 0.23761234283447266, "epoch": 6, "iter": 625, "memory": 2965, "step": 625}
{"lr": 0.001, "data_time": 0.06727972030639648, "loss": 0.31468005329370496, "time": 0.2456658363342285, "epoch": 6, "iter": 645, "memory": 2965, "step": 645}
{"accuracy/top1": 91.32882690429688, "accuracy/top5": 99.43693542480469, "data_time": 0.17510444542457318, "time": 0.22968160695043102, "step": 6}
{"lr": 0.001, "data_time": 0.07774794101715088, "loss": 0.26658176481723783, "time": 0.2558094263076782, "epoch": 7, "iter": 674, "memory": 2965, "step": 674}
{"lr": 0.001, "data_time": 0.057229256629943846, "loss": 0.26232294365763664, "time": 0.23596525192260742, "epoch": 7, "iter": 694, "memory": 2965, "step": 694}
{"lr": 0.001, "data_time": 0.0561389684677124, "loss": 0.2633608102798462, "time": 0.2345808744430542, "epoch": 7, "iter": 714, "memory": 2965, "step": 714}
{"lr": 0.001, "data_time": 0.049752092361450194, "loss": 0.2919663280248642, "time": 0.22929511070251465, "epoch": 7, "iter": 734, "memory": 2965, "step": 734}
{"lr": 0.001, "data_time": 0.05741174221038818, "loss": 0.3530002936720848, "time": 0.23606319427490235, "epoch": 7, "iter": 754, "memory": 2965, "step": 754}
{"accuracy/top1": 91.10360717773438, "accuracy/top5": 99.32432556152344, "data_time": 0.16682776911505337, "time": 0.22336446827855602, "step": 7}
{"lr": 0.001, "data_time": 0.06535370349884033, "loss": 0.2791953578591347, "time": 0.2438260555267334, "epoch": 8, "iter": 783, "memory": 2965, "step": 783}
{"lr": 0.001, "data_time": 0.05707089900970459, "loss": 0.24109187871217727, "time": 0.2355787754058838, "epoch": 8, "iter": 803, "memory": 2965, "step": 803}
{"lr": 0.001, "data_time": 0.058014655113220216, "loss": 0.29015105217695236, "time": 0.2366023302078247, "epoch": 8, "iter": 823, "memory": 2965, "step": 823}
{"lr": 0.001, "data_time": 0.05232264995574951, "loss": 0.20334408953785896, "time": 0.23056497573852539, "epoch": 8, "iter": 843, "memory": 2965, "step": 843}
{"lr": 0.001, "data_time": 0.061638045310974124, "loss": 0.2493870198726654, "time": 0.2404571533203125, "epoch": 8, "iter": 863, "memory": 2965, "step": 863}
{"accuracy/top1": 92.22972869873047, "accuracy/top5": 99.54955291748047, "data_time": 0.16654044184191474, "time": 0.2241258456789214, "step": 8}
{"lr": 0.001, "data_time": 0.05749678611755371, "loss": 0.22662133425474168, "time": 0.2360689163208008, "epoch": 9, "iter": 892, "memory": 2965, "step": 892}
{"lr": 0.001, "data_time": 0.05492634773254394, "loss": 0.2092244490981102, "time": 0.23376641273498536, "epoch": 9, "iter": 912, "memory": 2965, "step": 912}
{"lr": 0.001, "data_time": 0.05868918895721435, "loss": 0.24042849764227867, "time": 0.23746581077575685, "epoch": 9, "iter": 932, "memory": 2965,